{"g": [1.86111263582047, 1.2791479401131893, 1.358012560834276, 1.4490953563375677, 1.7534861520249794, 2.09210379263188, 2.3671788922015655, 2.418049928989816, 2.653119965119565, 2.55620184350521, 3.172230397133117, 3.154079371310295, 3.2748059681121338, 2.8440864973879876, 3.418288410978114, 3.4766189113576362, 3.0777549068542553, 3.396927501292939, 3.634037750832578, 3.3835825311376695, 3.6664854503692466, 2.75238070177271, 3.4010453148091093, 3.718526783141684, 3.934016539695415, 3.4417611423959125, 3.5857709303815315, 3.8559068352618118, 4.053818451597335, 3.9805328452840762, 3.8101504311916674, 3.9008894854403557, 4.247392460386804, 3.924849786656968, 4.256252687028113, 4.230449813477536, 3.397401142310589, 3.863774981904537, 4.099665916980581, 4.205748785049357, 4.5093383433971, 3.6057291790208916, 4.124922453088963, 4.403757158746111, 4.483400809003951, 4.697894892794021, 4.628312854056663, 4.718965352849757, 4.406558064704246, 4.296409912248875, 4.312687381784967, 3.9963337804408785, 4.6077210319803115, 4.561654916469087, 4.50886392973839, 4.744539339491662, 4.405291646084887, 4.403267963135496, 4.381433440015671, 4.797491903000689, 4.60445085231294, 4.094339739134971, 4.450148385889987, 4.83804008554905, 5.027626790898911, 4.784567457564334, 4.72531562916776, 4.645173559797571, 4.759454853991245, 4.863927805677373, 5.06508610223202, 5.2473855589298495, 5.235712903611203, 5.019114149377701, 5.075439321233871, 5.228756199491785, 5.046535909809965, 4.153188313575501, 4.519815039127431, 4.605290220138874, 4.84124182640238, 4.982227853003969, 5.085935658596932, 5.116677530268405, 5.367157172649465, 4.737512868135534, 4.590018001008541, 4.669962221003593, 5.0611280608684455, 4.80949370658144, 5.078838798593967, 5.18359704981459, 4.318670348918184, 4.831357377640744, 4.9336542829554135, 4.9248637392165815, 5.280342814770151, 5.3878679275512695, 4.793353943748677, 4.472122199991916], "d": [1.0106096971542278, 1.1215047151484387, 1.0939848695663696, 1.0008164086240403, 0.8671141298527413, 0.7557734739273152, 0.6785990773363316, 0.6756636186483058, 0.6514677399016441, 0.5832489082153808, 0.5268358692843863, 0.5015652848685042, 0.6338677529958968, 0.543276367352364, 0.4566695604552614, 0.4317849246745414, 0.6846392357603033, 0.45230458708519633, 0.4488181817404767, 0.5022877740099075, 0.4494844827246159, 0.7049869723776554, 0.4505770999066373, 0.4183087225290055, 0.426066092354186, 0.5626634213518589, 0.5197363533872239, 0.42420422428465904, 0.40490997661935524, 0.4499143108408502, 0.5689095141405754, 0.3991191624961001, 0.3980680393411758, 0.4944824325911542, 0.4218996893218223, 0.41251587836032216, 0.6969836877381548, 0.4168942741891171, 0.43496186428881706, 0.4134952261092815, 0.4002338194466652, 0.5521170332076701, 0.42767245877296367, 0.39966423175436383, 0.38717445128775657, 0.38819402773329553, 0.40881950138731205, 0.3933624282796332, 0.4122863342153265, 0.505444992729958, 0.423126294257793, 0.4739286477895493, 0.40310316421884174, 0.4103791938817247, 0.4066413076634103, 0.3963603976559132, 0.43433166216028496, 0.42183044045529466, 0.4722101279395692, 0.39520729380719205, 0.41194071795078036, 0.47310875704947936, 0.412467009209572, 0.38176147227591656, 0.3884974971730658, 0.41316113319802794, 0.4113745245527714, 0.4048067737132945, 0.3817816436924833, 0.3768868300508946, 0.3934044083382221, 0.38079466623194674, 0.3725095749535459, 0.3744546983470308, 0.37068443475885593, 0.3603616398065648, 0.5141103334249334, 0.43423616664206727, 0.425585316216692, 0.38237229591988503, 0.38870167668829575, 0.3657340204462092, 0.381672110963375, 0.372599110641378, 0.37977054493224366, 0.5513370813841515, 0.39829912591487804, 0.3797250453461992, 0.3791927051671008, 0.3723312197847569, 0.37331056880190017, 0.39634147223005906, 0.49021499175974664, 0.3814082186906896, 0.3775211702635948, 0.3836094080767733, 0.3639632996092451, 0.3861810916915853, 0.43115626402357793, 0.391521007773724]}